
-- Database Backup --
-- Ver. : 1.0.1
-- Host : Server Host
-- Generating Time : Oct 31, 2023 at 09:14:02:AM


CREATE TABLE `bayar` (
  `id_bayar` int(10) NOT NULL AUTO_INCREMENT,
  `id_siswa` int(10) NOT NULL,
  `id_bayar_metode` int(10) NOT NULL,
  `keterangan` text NOT NULL,
  `bukti` varchar(200) NOT NULL,
  `status_verifikasi` varchar(100) NOT NULL,
  `nominal_bayar` int(17) NOT NULL,
  `tanggal_bayar` date NOT NULL,
  `dibuat_pada` datetime NOT NULL DEFAULT current_timestamp(),
  `diubah_pada` datetime NOT NULL DEFAULT current_timestamp(),
  `dihapus_pada` datetime DEFAULT NULL,
  PRIMARY KEY (`id_bayar`)
) ENGINE=InnoDB AUTO_INCREMENT=21 DEFAULT CHARSET=latin1;

INSERT INTO bayar VALUES
("1","10","1","BCA","2023_10_12_06_22_03_m5.jpg","Sudah Verifikasi","446000","2023-10-12","2023-10-12 11:22:03","2023-10-12 11:22:03","0000-00-00 00:00:00"),
("2","10","1","BCA","2023_10_12_06_30_00_m22.jpg","Sudah Verifikasi","2000000","2023-10-12","2023-10-12 11:30:00","2023-10-12 11:30:00","0000-00-00 00:00:00"),
("3","10","1","BCA","2023_10_17_05_40_47_m6.jpg","Sudah Verifikasi","500000","2023-10-17","2023-10-17 10:40:47","2023-10-17 10:40:47","0000-00-00 00:00:00"),
("4","13","1","BCA","2023_10_19_06_22_47_m20.jpg","Sudah Verifikasi","446000","2023-10-05","2023-10-19 11:22:47","2023-10-19 11:22:47","0000-00-00 00:00:00"),
("5","13","1","BCA","2023_10_19_06_24_30_m19.jpg","Sudah Verifikasi","300000","2023-10-08","2023-10-19 11:24:30","2023-10-19 11:24:30","0000-00-00 00:00:00"),
("6","1","1","BRI","2023_10_19_06_25_12_m15.jpg","Sudah Verifikasi","350000","2023-09-15","2023-10-19 11:25:12","2023-10-19 11:25:12","0000-00-00 00:00:00"),
("7","16","1","BRI","2023_10_19_06_25_59_m16.jpg","Sudah Verifikasi","446000","2023-09-24","2023-10-19 11:25:59","2023-10-19 11:25:59","0000-00-00 00:00:00"),
("8","15","1","BCA","2023_10_19_06_26_34_Gambar WhatsApp 2023-08-25 pukul 09.39.25.jpg","Sudah Verifikasi","500000","2023-10-17","2023-10-19 11:26:34","2023-10-19 11:26:34","0000-00-00 00:00:00"),
("9","17","1","BCA","2023_10_19_06_27_22_m14.jpg","Sudah Verifikasi","400000","2023-09-01","2023-10-19 11:27:22","2023-10-19 11:27:22","0000-00-00 00:00:00"),
("10","18","1","BRI","2023_10_19_06_27_57_m22.jpg","Sudah Verifikasi","300000","2023-09-12","2023-10-19 11:27:57","2023-10-19 11:27:57","0000-00-00 00:00:00"),
("11","20","1","BRI","2023_10_19_06_28_42_m27.jpg","Sudah Verifikasi","250000","2023-09-15","2023-10-19 11:28:42","2023-10-19 11:28:42","0000-00-00 00:00:00"),
("12","9","1","BCA","2023_10_19_06_29_28_m9.jpg","Sudah Verifikasi","450000","2023-09-17","2023-10-19 11:29:28","2023-10-19 11:29:28","0000-00-00 00:00:00"),
("13","8","1","BCA","2023_10_19_06_34_27_m2.jpg","Sudah Verifikasi","500000","2023-09-22","2023-10-19 11:34:27","2023-10-19 11:34:27","0000-00-00 00:00:00"),
("14","6","1","BRI","2023_10_19_06_35_24_m13.jpg","Sudah Verifikasi","350000","2023-10-10","2023-10-19 11:35:24","2023-10-19 11:35:24","0000-00-00 00:00:00"),
("15","7","1","BRI","2023_10_19_06_36_16_m1.jpg","Sudah Verifikasi","446000","2023-10-28","2023-10-19 11:36:16","2023-10-19 11:36:16","0000-00-00 00:00:00"),
("16","11","1","BCA","2023_10_19_06_37_04_m28.jpg","Sudah Verifikasi","446000","2023-10-16","2023-10-19 11:37:04","2023-10-19 11:37:04","0000-00-00 00:00:00"),
("17","12","1","BCA","2023_10_19_06_37_34_dress5.jpg","Sudah Verifikasi","400000","2023-10-29","2023-10-19 11:37:34","2023-10-19 11:37:34","0000-00-00 00:00:00"),
("18","24","1","BCA","2023_10_19_06_38_29_m19.jpg","Sudah Verifikasi","500000","2023-09-07","2023-10-19 11:38:29","2023-10-19 11:38:29","0000-00-00 00:00:00"),
("19","14","1","BRI","2023_10_19_06_39_13_m22.jpg","Sudah Verifikasi","50000","2023-09-29","2023-10-19 11:39:13","2023-10-19 11:39:13","0000-00-00 00:00:00"),
("20","3","1","BCA","2023_10_19_06_39_53_m28.jpg","Sudah Verifikasi","446000","2023-09-13","2023-10-19 11:39:53","2023-10-19 11:39:53","0000-00-00 00:00:00");

CREATE TABLE `bayar_alokasi` (
  `id_bayar_alokasi` int(10) NOT NULL AUTO_INCREMENT,
  `id_bayar` int(10) NOT NULL,
  `id_tagihan` int(10) NOT NULL,
  `total_alokasi` int(17) NOT NULL,
  `dialokasikan_oleh` varchar(100) NOT NULL,
  `dibuat_pada` datetime NOT NULL DEFAULT current_timestamp(),
  `diubah_pada` datetime NOT NULL DEFAULT current_timestamp(),
  `dihapus_pada` datetime DEFAULT NULL,
  PRIMARY KEY (`id_bayar_alokasi`)
) ENGINE=InnoDB AUTO_INCREMENT=23 DEFAULT CHARSET=utf8mb4;

INSERT INTO bayar_alokasi VALUES
("1","1","92","446000","Otomatis Oleh Sistem","2023-10-12 11:27:32","2023-10-12 11:27:32","0000-00-00 00:00:00"),
("2","2","93","446000","Otomatis Oleh Sistem","2023-10-12 11:31:48","2023-10-12 11:31:48","0000-00-00 00:00:00"),
("3","2","94","446000","Otomatis Oleh Sistem","2023-10-12 11:31:48","2023-10-12 11:31:48","0000-00-00 00:00:00"),
("4","2","95","1108000","Otomatis Oleh Sistem","2023-10-12 11:31:48","2023-10-12 11:31:48","0000-00-00 00:00:00"),
("5","3","95","500000","Otomatis Oleh Sistem","2023-10-17 10:40:47","2023-10-17 10:40:47","0000-00-00 00:00:00"),
("6","4","131","446000","Otomatis Oleh Sistem","2023-10-19 11:22:47","2023-10-19 11:22:47","0000-00-00 00:00:00"),
("7","5","131","54000","Otomatis Oleh Sistem","2023-10-19 11:24:30","2023-10-19 11:24:30","0000-00-00 00:00:00"),
("8","5","132","246000","Otomatis Oleh Sistem","2023-10-19 11:24:30","2023-10-19 11:24:30","0000-00-00 00:00:00"),
("9","6","1","350000","Otomatis Oleh Sistem","2023-10-19 11:25:12","2023-10-19 11:25:12","0000-00-00 00:00:00"),
("10","7","170","446000","Otomatis Oleh Sistem","2023-10-19 11:25:59","2023-10-19 11:25:59","0000-00-00 00:00:00"),
("11","8","157","500000","Otomatis Oleh Sistem","2023-10-19 11:26:34","2023-10-19 11:26:34","0000-00-00 00:00:00"),
("12","9","183","400000","Otomatis Oleh Sistem","2023-10-19 11:27:22","2023-10-19 11:27:22","0000-00-00 00:00:00"),
("13","10","196","300000","Otomatis Oleh Sistem","2023-10-19 11:27:57","2023-10-19 11:27:57","0000-00-00 00:00:00"),
("14","11","222","250000","Otomatis Oleh Sistem","2023-10-19 11:28:42","2023-10-19 11:28:42","0000-00-00 00:00:00"),
("15","12","79","450000","Otomatis Oleh Sistem","2023-10-19 11:29:28","2023-10-19 11:29:28","0000-00-00 00:00:00"),
("16","13","66","500000","Otomatis Oleh Sistem","2023-10-19 11:34:27","2023-10-19 11:34:27","0000-00-00 00:00:00"),
("17","14","40","350000","Otomatis Oleh Sistem","2023-10-19 11:35:24","2023-10-19 11:35:24","0000-00-00 00:00:00"),
("18","15","53","446000","Otomatis Oleh Sistem","2023-10-19 11:36:16","2023-10-19 11:36:16","0000-00-00 00:00:00"),
("19","16","105","446000","Otomatis Oleh Sistem","2023-10-19 11:37:04","2023-10-19 11:37:04","0000-00-00 00:00:00"),
("20","17","118","400000","Otomatis Oleh Sistem","2023-10-19 11:37:34","2023-10-19 11:37:34","0000-00-00 00:00:00"),
("21","19","144","50000","Otomatis Oleh Sistem","2023-10-19 11:39:13","2023-10-19 11:39:13","0000-00-00 00:00:00"),
("22","20","27","446000","Otomatis Oleh Sistem","2023-10-19 11:39:53","2023-10-19 11:39:53","0000-00-00 00:00:00");

CREATE TABLE `bayar_metode` (
  `id_bayar_metode` int(10) NOT NULL AUTO_INCREMENT,
  `metode` varchar(100) NOT NULL,
  `nomor_rekening` varchar(100) NOT NULL,
  `dibuat_pada` datetime NOT NULL DEFAULT current_timestamp(),
  `diubah_pada` datetime NOT NULL DEFAULT current_timestamp(),
  `dihapus_pada` datetime DEFAULT NULL,
  PRIMARY KEY (`id_bayar_metode`)
) ENGINE=InnoDB AUTO_INCREMENT=3 DEFAULT CHARSET=utf8mb4;

INSERT INTO bayar_metode VALUES
("1","Transfer Ke Bank BTN Rekening SMK Triatma Jaya Badung","00555-0130-0000028","2023-09-19 08:45:03","2023-09-19 08:45:03","0000-00-00 00:00:00"),
("2","Transfer Ke Bank BTN Rekening Osis SMK Triatma Jaya Badung","00555-0188-0000085","2023-09-19 08:45:03","2023-09-19 08:45:03","0000-00-00 00:00:00");

CREATE TABLE `biaya` (
  `id_biaya` int(10) NOT NULL AUTO_INCREMENT,
  `id_periode` int(10) NOT NULL,
  `deskripsi_biaya` varchar(200) NOT NULL,
  `jumlah_biaya` int(17) NOT NULL,
  `tanggal_jatuh_tempo` date NOT NULL,
  `tingkat` int(2) DEFAULT NULL,
  `id_jurusan` int(10) DEFAULT NULL,
  `dibuat_pada` datetime NOT NULL DEFAULT current_timestamp(),
  `diubah_pada` datetime NOT NULL DEFAULT current_timestamp(),
  `dihapus_pada` datetime DEFAULT NULL,
  PRIMARY KEY (`id_biaya`)
) ENGINE=InnoDB AUTO_INCREMENT=15 DEFAULT CHARSET=latin1;

INSERT INTO biaya VALUES
("1","2","SPP Juli 2023","500000","2023-07-20","12","1","2023-08-29 11:56:00","2023-08-29 11:56:00","0000-00-00 00:00:00"),
("2","2","SPP Agustus 2023","446000","2023-08-20","12","1","2023-08-29 11:58:34","2023-08-29 11:58:34","0000-00-00 00:00:00"),
("3","2","SPP September 2023","446000","2023-09-20","12","1","2023-08-29 12:01:13","2023-08-29 12:01:13","0000-00-00 00:00:00"),
("5","2","Uang Studi Tur","2500000","2023-09-22","12","1","2023-08-30 09:58:36","2023-08-30 09:58:36","0000-00-00 00:00:00"),
("6","2","SPP Oktober 2023","446000","2023-10-20","12","1","2023-08-30 11:43:15","2023-08-30 11:43:15","0000-00-00 00:00:00"),
("7","2","SPP November 2023","446000","2023-11-20","12","1","2023-08-30 11:43:59","2023-08-30 11:43:59","0000-00-00 00:00:00"),
("8","2","SPP Desember 2023","446000","2023-12-20","12","1","2023-08-30 11:44:45","2023-08-30 11:44:45","0000-00-00 00:00:00"),
("9","2","SPP Januari 2024","446000","2024-01-20","12","1","2023-08-30 11:45:45","2023-08-30 11:45:45","0000-00-00 00:00:00"),
("10","2","SPP Februari 2024","446000","2024-02-20","12","1","2023-08-30 11:47:04","2023-08-30 11:47:04","0000-00-00 00:00:00"),
("11","2","SPP Maret 2024","446000","2024-03-20","12","1","2023-08-30 11:49:22","2023-08-30 11:49:22","0000-00-00 00:00:00"),
("12","2","SPP April 2024","446000","2024-04-20","12","1","2023-08-30 11:49:58","2023-08-30 11:49:58","0000-00-00 00:00:00"),
("13","2","SPP Mei 2024","446000","2024-05-20","12","1","2023-08-30 11:50:51","2023-08-30 11:50:51","0000-00-00 00:00:00"),
("14","2","SPP Juni 2024","446000","2024-06-20","12","1","2023-08-30 11:51:22","2023-08-30 11:51:22","0000-00-00 00:00:00");

CREATE TABLE `jurusan` (
  `id_jurusan` int(10) NOT NULL AUTO_INCREMENT,
  `jurusan` varchar(100) NOT NULL,
  `dibuat_pada` datetime NOT NULL DEFAULT current_timestamp(),
  `diubah_pada` datetime NOT NULL DEFAULT current_timestamp(),
  `dihapus_pada` datetime DEFAULT NULL,
  PRIMARY KEY (`id_jurusan`)
) ENGINE=InnoDB AUTO_INCREMENT=5 DEFAULT CHARSET=utf8mb4;

INSERT INTO jurusan VALUES
("1","Pengembangan Perangkat Lunak & Gim","2023-09-05 08:40:54","2023-09-05 08:40:54","0000-00-00 00:00:00"),
("2","Tata Kecantikan","2023-09-05 08:40:54","2023-09-05 08:40:54","0000-00-00 00:00:00"),
("3","Tata Boga","2023-09-05 08:40:54","2023-09-05 08:40:54","0000-00-00 00:00:00"),
("4","Perhotelan","2023-09-05 08:40:54","2023-09-05 08:40:54","0000-00-00 00:00:00");

CREATE TABLE `periode` (
  `id_periode` int(10) NOT NULL AUTO_INCREMENT,
  `periode` varchar(100) NOT NULL,
  `tanggal_awal` date NOT NULL,
  `tanggal_akhir` date NOT NULL,
  `dibuat_pada` datetime NOT NULL DEFAULT current_timestamp(),
  `diubah_pada` datetime NOT NULL DEFAULT current_timestamp(),
  `dihapus_pada` datetime DEFAULT NULL,
  PRIMARY KEY (`id_periode`)
) ENGINE=InnoDB AUTO_INCREMENT=14 DEFAULT CHARSET=latin1;

INSERT INTO periode VALUES
("1","Tahun Ajar 2022/2023","2022-07-01","2023-06-30","2023-07-26 11:25:45","2023-07-26 11:25:45","0000-00-00 00:00:00"),
("2","Tahun Ajar 2023/2024","2023-07-01","2024-06-30","2023-07-26 12:39:26","2023-07-26 12:39:26","0000-00-00 00:00:00"),
("3","Tahun Ajar 2024/2025","2024-07-01","2025-06-30","2023-08-22 11:09:57","2023-08-22 11:09:57","0000-00-00 00:00:00"),
("6","Tahun Ajar 2021/2022","2021-07-01","2022-06-30","2023-08-23 09:15:35","2023-08-23 09:15:35","0000-00-00 00:00:00");

CREATE TABLE `siswa` (
  `id_siswa` int(10) NOT NULL AUTO_INCREMENT,
  `nis` varchar(20) NOT NULL,
  `nama` varchar(200) NOT NULL,
  `kelas` varchar(50) NOT NULL,
  `tingkat` int(2) NOT NULL,
  `id_jurusan` int(10) NOT NULL,
  `alamat` text NOT NULL,
  `no_hp` varchar(20) NOT NULL,
  `email` varchar(50) NOT NULL,
  `dibuat_pada` datetime NOT NULL DEFAULT current_timestamp(),
  `diubah_pada` datetime NOT NULL DEFAULT current_timestamp(),
  `dihapus_pada` datetime DEFAULT NULL,
  PRIMARY KEY (`id_siswa`)
) ENGINE=InnoDB AUTO_INCREMENT=25 DEFAULT CHARSET=latin1;

INSERT INTO siswa VALUES
("1","4950","ALINE SYAHFITRI","XII PPLG","12","1","Jl. Tunjung 1 Kerobokan Kelod No.7","+62 818-0559-4344","aline@gmail.com","2023-08-23 11:44:03","2023-08-23 11:44:03","0000-00-00 00:00:00"),
("2","4951","BEZALIEL CAHYA YEHUDA","XII PPLG","12","1","Jl.","+62 857-3805-5323","bebek@gmail.com","2023-08-23 11:44:09","2023-08-23 11:44:09","0000-00-00 00:00:00"),
("3","4952","FIBRI WILIANA PUTRI","XII PPLG","12","1","Denpasar","+62 813-3968-2031","aline@gmail.com","2023-08-23 11:44:25","2023-08-23 11:44:25","0000-00-00 00:00:00"),
("6","4953","GEDE ANDI PRAYOGA","XII PPLG","12","1","Denpasar","+62 878-6063-5630","andi@gmail.com","2023-09-05 09:42:19","2023-09-05 09:42:19","0000-00-00 00:00:00"),
("7","4954","GEDE ERIK FUGIANTO LILA","XII PPLG","12","1","Badung","+62 857-3810-7613","erik@gmail.com","2023-09-05 09:47:57","2023-09-05 09:47:57","0000-00-00 00:00:00"),
("8","4955","I PUTU ARYA ADY SUSENA","XII PPLG","12","1","Legian","+62 896-6171-8111","arya@gmail.com","2023-09-05 12:26:20","2023-09-05 12:26:20","0000-00-00 00:00:00"),
("9","4956","KOMANG RISMA TRI PRADNYANI","XII PPLG","12","1","Badung","+62 857-9295-8529","Risma@gmail.com","2023-09-12 09:14:50","2023-09-12 09:14:50","0000-00-00 00:00:00"),
("10","4957","MAGDALENA FEBIAYU KANTUR","XII PPLG","12","1","Abianbase","+62 812-4640-1384","Entin@gmail.com","2023-09-12 09:15:55","2023-09-12 09:15:55","0000-00-00 00:00:00"),
("11","4958","NASYWA RAMADHANI","XII PPLG","12","1","Denpasar","+62 858-5797-2058","nasywa@gmail.com","2023-09-12 09:16:47","2023-09-12 09:16:47","0000-00-00 00:00:00"),
("12","4969","NI KADEK DWI SWANDEWI","XII PPLG","12","1","Canggu","+62 878-6005-2445","dwikkk@gmail.com","2023-09-12 09:17:46","2023-09-12 09:17:46","0000-00-00 00:00:00"),
("13","4960","NI KADEK NINA ANTARI","XII PPLG","12","1","Kapal","+62 898-5337-373","ninaaa@gmail.com","2023-09-12 09:18:34","2023-09-12 09:18:34","0000-00-00 00:00:00"),
("14","4961","NI LUH PUTU CHELSEA WIDYADARI","XII PPLG","12","1","Canggu","+62 877-3463-2004","ecikk@gmail.com","2023-09-12 09:19:23","2023-09-12 09:19:23","0000-00-00 00:00:00"),
("15","4962","NI LUH PUTU DIAH MARTIANI","XII PPLG","12","1","Badung","+62 895-3945-36866","diahh@gmail.com","2023-09-12 09:20:23","2023-09-12 09:20:23","0000-00-00 00:00:00"),
("16","4963","NI PUTU NIA PRADNYA OKTAFIANI","XII PPLG","12","1","Tanah Lot","+62 895-0846-6041","niaa@gmail.com","2023-09-12 09:21:08","2023-09-12 09:21:08","0000-00-00 00:00:00"),
("17","4964","WILLIAMS JACOBUS FELANUEL","XII PPLG","12","1","Dalung","+62 819-1791-3625","William@gmail.com","2023-09-12 09:22:02","2023-09-12 09:22:02","0000-00-00 00:00:00"),
("18","4965","ZAID ASSYA YUDAH","XII PPLG","12","1","Denpasar","+62 857-3891-0245","zaidd@gmail.com","2023-09-12 09:22:47","2023-09-12 09:22:47","0000-00-00 00:00:00"),
("19","4966","DEWA MADE MARTHA ABIMAYU","XII RPL","12","1","Abianbase","+62 857-3801-4582","dewaaa@gmail.com","2023-09-12 09:23:31","2023-09-12 09:23:31","0000-00-00 00:00:00"),
("20","4967","FERRELL FEIVEL WAWORUNTU","XII PPLG","12","1","Denpasar","+62 812-3918-2412","fereell@gmail.com","2023-09-12 09:24:32","2023-09-12 09:24:32","0000-00-00 00:00:00"),
("21","4968","ARISTA","XII Perhotelan","12","4","denpasar","0817872765","arista@gmail.com","2023-09-12 09:27:36","2023-09-12 09:27:36","0000-00-00 00:00:00"),
("22","4969","OKTA","XII Perhotelan","12","4","DPS","0834683284","okta@gmail.com","2023-09-12 09:28:55","2023-09-12 09:28:55","0000-00-00 00:00:00"),
("23","4970","LOREN","XII Perhotelan","12","4","DPS","0889287363","loren@gmail.com","2023-09-12 09:29:38","2023-09-12 09:29:38","0000-00-00 00:00:00"),
("24","4971","DESINTA","XII Perhotelan","12","4","DPS","0861283582","desinta@gmail.com","2023-09-12 09:31:24","2023-09-12 09:31:24","0000-00-00 00:00:00");

CREATE TABLE `tagihan` (
  `id_tagihan` int(10) NOT NULL AUTO_INCREMENT,
  `id_biaya` int(10) NOT NULL,
  `id_siswa` int(10) NOT NULL,
  `kelas` varchar(50) NOT NULL,
  `keterangan` varchar(200) NOT NULL,
  `potongan` int(20) NOT NULL DEFAULT 0,
  `total_terbayar` int(20) NOT NULL DEFAULT 0,
  `dibuat_pada` datetime NOT NULL DEFAULT current_timestamp(),
  `diubah_pada` datetime NOT NULL DEFAULT current_timestamp(),
  `dihapus_pada` datetime DEFAULT NULL,
  PRIMARY KEY (`id_tagihan`)
) ENGINE=InnoDB AUTO_INCREMENT=235 DEFAULT CHARSET=latin1;

INSERT INTO tagihan VALUES
("1","1","1","XII PPLG","","0","350000","2023-10-12 11:20:42","2023-10-12 11:20:42","0000-00-00 00:00:00"),
("2","2","1","XII PPLG","","0","0","2023-10-12 11:20:42","2023-10-12 11:20:42","0000-00-00 00:00:00"),
("3","3","1","XII PPLG","","0","0","2023-10-12 11:20:42","2023-10-12 11:20:42","0000-00-00 00:00:00"),
("4","5","1","XII PPLG","","0","0","2023-10-12 11:20:42","2023-10-12 11:20:42","0000-00-00 00:00:00"),
("5","6","1","XII PPLG","","0","0","2023-10-12 11:20:42","2023-10-12 11:20:42","0000-00-00 00:00:00"),
("6","7","1","XII PPLG","","0","0","2023-10-12 11:20:42","2023-10-12 11:20:42","0000-00-00 00:00:00"),
("7","8","1","XII PPLG","","0","0","2023-10-12 11:20:42","2023-10-12 11:20:42","0000-00-00 00:00:00"),
("8","9","1","XII PPLG","","0","0","2023-10-12 11:20:42","2023-10-12 11:20:42","0000-00-00 00:00:00"),
("9","10","1","XII PPLG","","0","0","2023-10-12 11:20:42","2023-10-12 11:20:42","0000-00-00 00:00:00"),
("10","11","1","XII PPLG","","0","0","2023-10-12 11:20:42","2023-10-12 11:20:42","0000-00-00 00:00:00"),
("11","12","1","XII PPLG","","0","0","2023-10-12 11:20:42","2023-10-12 11:20:42","0000-00-00 00:00:00"),
("12","13","1","XII PPLG","","0","0","2023-10-12 11:20:42","2023-10-12 11:20:42","0000-00-00 00:00:00"),
("13","14","1","XII PPLG","","0","0","2023-10-12 11:20:42","2023-10-12 11:20:42","0000-00-00 00:00:00"),
("14","1","2","XII PPLG","","0","0","2023-10-12 11:20:42","2023-10-12 11:20:42","0000-00-00 00:00:00"),
("15","2","2","XII PPLG","","0","0","2023-10-12 11:20:42","2023-10-12 11:20:42","0000-00-00 00:00:00"),
("16","3","2","XII PPLG","","0","0","2023-10-12 11:20:42","2023-10-12 11:20:42","0000-00-00 00:00:00"),
("17","5","2","XII PPLG","","0","0","2023-10-12 11:20:42","2023-10-12 11:20:42","0000-00-00 00:00:00"),
("18","6","2","XII PPLG","","0","0","2023-10-12 11:20:42","2023-10-12 11:20:42","0000-00-00 00:00:00"),
("19","7","2","XII PPLG","","0","0","2023-10-12 11:20:42","2023-10-12 11:20:42","0000-00-00 00:00:00"),
("20","8","2","XII PPLG","","0","0","2023-10-12 11:20:42","2023-10-12 11:20:42","0000-00-00 00:00:00"),
("21","9","2","XII PPLG","","0","0","2023-10-12 11:20:42","2023-10-12 11:20:42","0000-00-00 00:00:00"),
("22","10","2","XII PPLG","","0","0","2023-10-12 11:20:42","2023-10-12 11:20:42","0000-00-00 00:00:00"),
("23","11","2","XII PPLG","","0","0","2023-10-12 11:20:42","2023-10-12 11:20:42","0000-00-00 00:00:00"),
("24","12","2","XII PPLG","","0","0","2023-10-12 11:20:42","2023-10-12 11:20:42","0000-00-00 00:00:00"),
("25","13","2","XII PPLG","","0","0","2023-10-12 11:20:42","2023-10-12 11:20:42","0000-00-00 00:00:00"),
("26","14","2","XII PPLG","","0","0","2023-10-12 11:20:42","2023-10-12 11:20:42","0000-00-00 00:00:00"),
("27","1","3","XII PPLG","","0","446000","2023-10-12 11:20:42","2023-10-12 11:20:42","0000-00-00 00:00:00"),
("28","2","3","XII PPLG","","0","0","2023-10-12 11:20:42","2023-10-12 11:20:42","0000-00-00 00:00:00"),
("29","3","3","XII PPLG","","0","0","2023-10-12 11:20:42","2023-10-12 11:20:42","0000-00-00 00:00:00"),
("30","5","3","XII PPLG","","0","0","2023-10-12 11:20:42","2023-10-12 11:20:42","0000-00-00 00:00:00"),
("31","6","3","XII PPLG","","0","0","2023-10-12 11:20:42","2023-10-12 11:20:42","0000-00-00 00:00:00"),
("32","7","3","XII PPLG","","0","0","2023-10-12 11:20:42","2023-10-12 11:20:42","0000-00-00 00:00:00"),
("33","8","3","XII PPLG","","0","0","2023-10-12 11:20:42","2023-10-12 11:20:42","0000-00-00 00:00:00"),
("34","9","3","XII PPLG","","0","0","2023-10-12 11:20:43","2023-10-12 11:20:43","0000-00-00 00:00:00"),
("35","10","3","XII PPLG","","0","0","2023-10-12 11:20:43","2023-10-12 11:20:43","0000-00-00 00:00:00"),
("36","11","3","XII PPLG","","0","0","2023-10-12 11:20:43","2023-10-12 11:20:43","0000-00-00 00:00:00"),
("37","12","3","XII PPLG","","0","0","2023-10-12 11:20:43","2023-10-12 11:20:43","0000-00-00 00:00:00"),
("38","13","3","XII PPLG","","0","0","2023-10-12 11:20:43","2023-10-12 11:20:43","0000-00-00 00:00:00"),
("39","14","3","XII PPLG","","0","0","2023-10-12 11:20:43","2023-10-12 11:20:43","0000-00-00 00:00:00"),
("40","1","6","XII PPLG","","0","350000","2023-10-12 11:20:43","2023-10-12 11:20:43","0000-00-00 00:00:00"),
("41","2","6","XII PPLG","","0","0","2023-10-12 11:20:43","2023-10-12 11:20:43","0000-00-00 00:00:00"),
("42","3","6","XII PPLG","","0","0","2023-10-12 11:20:43","2023-10-12 11:20:43","0000-00-00 00:00:00"),
("43","5","6","XII PPLG","","0","0","2023-10-12 11:20:43","2023-10-12 11:20:43","0000-00-00 00:00:00"),
("44","6","6","XII PPLG","","0","0","2023-10-12 11:20:43","2023-10-12 11:20:43","0000-00-00 00:00:00"),
("45","7","6","XII PPLG","","0","0","2023-10-12 11:20:43","2023-10-12 11:20:43","0000-00-00 00:00:00"),
("46","8","6","XII PPLG","","0","0","2023-10-12 11:20:43","2023-10-12 11:20:43","0000-00-00 00:00:00"),
("47","9","6","XII PPLG","","0","0","2023-10-12 11:20:43","2023-10-12 11:20:43","0000-00-00 00:00:00"),
("48","10","6","XII PPLG","","0","0","2023-10-12 11:20:43","2023-10-12 11:20:43","0000-00-00 00:00:00"),
("49","11","6","XII PPLG","","0","0","2023-10-12 11:20:43","2023-10-12 11:20:43","0000-00-00 00:00:00"),
("50","12","6","XII PPLG","","0","0","2023-10-12 11:20:43","2023-10-12 11:20:43","0000-00-00 00:00:00"),
("51","13","6","XII PPLG","","0","0","2023-10-12 11:20:43","2023-10-12 11:20:43","0000-00-00 00:00:00"),
("52","14","6","XII PPLG","","0","0","2023-10-12 11:20:43","2023-10-12 11:20:43","0000-00-00 00:00:00"),
("53","1","7","XII PPLG","","0","446000","2023-10-12 11:20:43","2023-10-12 11:20:43","0000-00-00 00:00:00"),
("54","2","7","XII PPLG","","0","0","2023-10-12 11:20:43","2023-10-12 11:20:43","0000-00-00 00:00:00"),
("55","3","7","XII PPLG","","0","0","2023-10-12 11:20:43","2023-10-12 11:20:43","0000-00-00 00:00:00"),
("56","5","7","XII PPLG","","0","0","2023-10-12 11:20:43","2023-10-12 11:20:43","0000-00-00 00:00:00"),
("57","6","7","XII PPLG","","0","0","2023-10-12 11:20:43","2023-10-12 11:20:43","0000-00-00 00:00:00"),
("58","7","7","XII PPLG","","0","0","2023-10-12 11:20:43","2023-10-12 11:20:43","0000-00-00 00:00:00"),
("59","8","7","XII PPLG","","0","0","2023-10-12 11:20:43","2023-10-12 11:20:43","0000-00-00 00:00:00"),
("60","9","7","XII PPLG","","0","0","2023-10-12 11:20:43","2023-10-12 11:20:43","0000-00-00 00:00:00"),
("61","10","7","XII PPLG","","0","0","2023-10-12 11:20:43","2023-10-12 11:20:43","0000-00-00 00:00:00"),
("62","11","7","XII PPLG","","0","0","2023-10-12 11:20:43","2023-10-12 11:20:43","0000-00-00 00:00:00"),
("63","12","7","XII PPLG","","0","0","2023-10-12 11:20:43","2023-10-12 11:20:43","0000-00-00 00:00:00"),
("64","13","7","XII PPLG","","0","0","2023-10-12 11:20:43","2023-10-12 11:20:43","0000-00-00 00:00:00"),
("65","14","7","XII PPLG","","0","0","2023-10-12 11:20:43","2023-10-12 11:20:43","0000-00-00 00:00:00"),
("66","1","8","XII PPLG","","0","500000","2023-10-12 11:20:43","2023-10-12 11:20:43","0000-00-00 00:00:00"),
("67","2","8","XII PPLG","","0","0","2023-10-12 11:20:43","2023-10-12 11:20:43","0000-00-00 00:00:00"),
("68","3","8","XII PPLG","","0","0","2023-10-12 11:20:43","2023-10-12 11:20:43","0000-00-00 00:00:00"),
("69","5","8","XII PPLG","","0","0","2023-10-12 11:20:43","2023-10-12 11:20:43","0000-00-00 00:00:00"),
("70","6","8","XII PPLG","","0","0","2023-10-12 11:20:43","2023-10-12 11:20:43","0000-00-00 00:00:00"),
("71","7","8","XII PPLG","","0","0","2023-10-12 11:20:43","2023-10-12 11:20:43","0000-00-00 00:00:00"),
("72","8","8","XII PPLG","","0","0","2023-10-12 11:20:43","2023-10-12 11:20:43","0000-00-00 00:00:00"),
("73","9","8","XII PPLG","","0","0","2023-10-12 11:20:43","2023-10-12 11:20:43","0000-00-00 00:00:00"),
("74","10","8","XII PPLG","","0","0","2023-10-12 11:20:43","2023-10-12 11:20:43","0000-00-00 00:00:00"),
("75","11","8","XII PPLG","","0","0","2023-10-12 11:20:43","2023-10-12 11:20:43","0000-00-00 00:00:00"),
("76","12","8","XII PPLG","","0","0","2023-10-12 11:20:43","2023-10-12 11:20:43","0000-00-00 00:00:00"),
("77","13","8","XII PPLG","","0","0","2023-10-12 11:20:43","2023-10-12 11:20:43","0000-00-00 00:00:00"),
("78","14","8","XII PPLG","","0","0","2023-10-12 11:20:43","2023-10-12 11:20:43","0000-00-00 00:00:00"),
("79","1","9","XII PPLG","","0","450000","2023-10-12 11:20:43","2023-10-12 11:20:43","0000-00-00 00:00:00"),
("80","2","9","XII PPLG","","0","0","2023-10-12 11:20:43","2023-10-12 11:20:43","0000-00-00 00:00:00"),
("81","3","9","XII PPLG","","0","0","2023-10-12 11:20:43","2023-10-12 11:20:43","0000-00-00 00:00:00"),
("82","5","9","XII PPLG","","0","0","2023-10-12 11:20:43","2023-10-12 11:20:43","0000-00-00 00:00:00"),
("83","6","9","XII PPLG","","0","0","2023-10-12 11:20:43","2023-10-12 11:20:43","0000-00-00 00:00:00"),
("84","7","9","XII PPLG","","0","0","2023-10-12 11:20:43","2023-10-12 11:20:43","0000-00-00 00:00:00"),
("85","8","9","XII PPLG","","0","0","2023-10-12 11:20:43","2023-10-12 11:20:43","0000-00-00 00:00:00"),
("86","9","9","XII PPLG","","0","0","2023-10-12 11:20:43","2023-10-12 11:20:43","0000-00-00 00:00:00"),
("87","10","9","XII PPLG","","0","0","2023-10-12 11:20:43","2023-10-12 11:20:43","0000-00-00 00:00:00"),
("88","11","9","XII PPLG","","0","0","2023-10-12 11:20:43","2023-10-12 11:20:43","0000-00-00 00:00:00"),
("89","12","9","XII PPLG","","0","0","2023-10-12 11:20:43","2023-10-12 11:20:43","0000-00-00 00:00:00"),
("90","13","9","XII PPLG","","0","0","2023-10-12 11:20:43","2023-10-12 11:20:43","0000-00-00 00:00:00"),
("91","14","9","XII PPLG","","0","0","2023-10-12 11:20:43","2023-10-12 11:20:43","0000-00-00 00:00:00"),
("92","1","10","XII PPLG","","0","446000","2023-10-12 11:20:43","2023-10-12 11:20:43","0000-00-00 00:00:00"),
("93","2","10","XII PPLG","","0","446000","2023-10-12 11:20:43","2023-10-12 11:20:43","0000-00-00 00:00:00"),
("94","3","10","XII PPLG","","0","446000","2023-10-12 11:20:43","2023-10-12 11:20:43","0000-00-00 00:00:00"),
("95","5","10","XII PPLG","","0","1608000","2023-10-12 11:20:43","2023-10-12 11:20:43","0000-00-00 00:00:00"),
("96","6","10","XII PPLG","","0","0","2023-10-12 11:20:43","2023-10-12 11:20:43","0000-00-00 00:00:00"),
("97","7","10","XII PPLG","","0","0","2023-10-12 11:20:43","2023-10-12 11:20:43","0000-00-00 00:00:00"),
("98","8","10","XII PPLG","","0","0","2023-10-12 11:20:43","2023-10-12 11:20:43","0000-00-00 00:00:00"),
("99","9","10","XII PPLG","","0","0","2023-10-12 11:20:43","2023-10-12 11:20:43","0000-00-00 00:00:00"),
("100","10","10","XII PPLG","","0","0","2023-10-12 11:20:43","2023-10-12 11:20:43","0000-00-00 00:00:00");
INSERT INTO tagihan VALUES
("101","11","10","XII PPLG","","0","0","2023-10-12 11:20:43","2023-10-12 11:20:43","0000-00-00 00:00:00"),
("102","12","10","XII PPLG","","0","0","2023-10-12 11:20:43","2023-10-12 11:20:43","0000-00-00 00:00:00"),
("103","13","10","XII PPLG","","0","0","2023-10-12 11:20:43","2023-10-12 11:20:43","0000-00-00 00:00:00"),
("104","14","10","XII PPLG","","0","0","2023-10-12 11:20:43","2023-10-12 11:20:43","0000-00-00 00:00:00"),
("105","1","11","XII PPLG","","0","446000","2023-10-12 11:20:43","2023-10-12 11:20:43","0000-00-00 00:00:00"),
("106","2","11","XII PPLG","","0","0","2023-10-12 11:20:43","2023-10-12 11:20:43","0000-00-00 00:00:00"),
("107","3","11","XII PPLG","","0","0","2023-10-12 11:20:43","2023-10-12 11:20:43","0000-00-00 00:00:00"),
("108","5","11","XII PPLG","","0","0","2023-10-12 11:20:43","2023-10-12 11:20:43","0000-00-00 00:00:00"),
("109","6","11","XII PPLG","","0","0","2023-10-12 11:20:43","2023-10-12 11:20:43","0000-00-00 00:00:00"),
("110","7","11","XII PPLG","","0","0","2023-10-12 11:20:43","2023-10-12 11:20:43","0000-00-00 00:00:00"),
("111","8","11","XII PPLG","","0","0","2023-10-12 11:20:43","2023-10-12 11:20:43","0000-00-00 00:00:00"),
("112","9","11","XII PPLG","","0","0","2023-10-12 11:20:43","2023-10-12 11:20:43","0000-00-00 00:00:00"),
("113","10","11","XII PPLG","","0","0","2023-10-12 11:20:43","2023-10-12 11:20:43","0000-00-00 00:00:00"),
("114","11","11","XII PPLG","","0","0","2023-10-12 11:20:43","2023-10-12 11:20:43","0000-00-00 00:00:00"),
("115","12","11","XII PPLG","","0","0","2023-10-12 11:20:43","2023-10-12 11:20:43","0000-00-00 00:00:00"),
("116","13","11","XII PPLG","","0","0","2023-10-12 11:20:43","2023-10-12 11:20:43","0000-00-00 00:00:00"),
("117","14","11","XII PPLG","","0","0","2023-10-12 11:20:43","2023-10-12 11:20:43","0000-00-00 00:00:00"),
("118","1","12","XII PPLG","","0","400000","2023-10-12 11:20:43","2023-10-12 11:20:43","0000-00-00 00:00:00"),
("119","2","12","XII PPLG","","0","0","2023-10-12 11:20:43","2023-10-12 11:20:43","0000-00-00 00:00:00"),
("120","3","12","XII PPLG","","0","0","2023-10-12 11:20:43","2023-10-12 11:20:43","0000-00-00 00:00:00"),
("121","5","12","XII PPLG","","0","0","2023-10-12 11:20:43","2023-10-12 11:20:43","0000-00-00 00:00:00"),
("122","6","12","XII PPLG","","0","0","2023-10-12 11:20:43","2023-10-12 11:20:43","0000-00-00 00:00:00"),
("123","7","12","XII PPLG","","0","0","2023-10-12 11:20:43","2023-10-12 11:20:43","0000-00-00 00:00:00"),
("124","8","12","XII PPLG","","0","0","2023-10-12 11:20:43","2023-10-12 11:20:43","0000-00-00 00:00:00"),
("125","9","12","XII PPLG","","0","0","2023-10-12 11:20:43","2023-10-12 11:20:43","0000-00-00 00:00:00"),
("126","10","12","XII PPLG","","0","0","2023-10-12 11:20:43","2023-10-12 11:20:43","0000-00-00 00:00:00"),
("127","11","12","XII PPLG","","0","0","2023-10-12 11:20:43","2023-10-12 11:20:43","0000-00-00 00:00:00"),
("128","12","12","XII PPLG","","0","0","2023-10-12 11:20:43","2023-10-12 11:20:43","0000-00-00 00:00:00"),
("129","13","12","XII PPLG","","0","0","2023-10-12 11:20:43","2023-10-12 11:20:43","0000-00-00 00:00:00"),
("130","14","12","XII PPLG","","0","0","2023-10-12 11:20:43","2023-10-12 11:20:43","0000-00-00 00:00:00"),
("131","1","13","XII PPLG","","0","500000","2023-10-12 11:20:43","2023-10-12 11:20:43","0000-00-00 00:00:00"),
("132","2","13","XII PPLG","","0","246000","2023-10-12 11:20:43","2023-10-12 11:20:43","0000-00-00 00:00:00"),
("133","3","13","XII PPLG","","0","0","2023-10-12 11:20:43","2023-10-12 11:20:43","0000-00-00 00:00:00"),
("134","5","13","XII PPLG","","0","0","2023-10-12 11:20:43","2023-10-12 11:20:43","0000-00-00 00:00:00"),
("135","6","13","XII PPLG","","0","0","2023-10-12 11:20:43","2023-10-12 11:20:43","0000-00-00 00:00:00"),
("136","7","13","XII PPLG","","0","0","2023-10-12 11:20:43","2023-10-12 11:20:43","0000-00-00 00:00:00"),
("137","8","13","XII PPLG","","0","0","2023-10-12 11:20:43","2023-10-12 11:20:43","0000-00-00 00:00:00"),
("138","9","13","XII PPLG","","0","0","2023-10-12 11:20:43","2023-10-12 11:20:43","0000-00-00 00:00:00"),
("139","10","13","XII PPLG","","0","0","2023-10-12 11:20:43","2023-10-12 11:20:43","0000-00-00 00:00:00"),
("140","11","13","XII PPLG","","0","0","2023-10-12 11:20:43","2023-10-12 11:20:43","0000-00-00 00:00:00"),
("141","12","13","XII PPLG","","0","0","2023-10-12 11:20:43","2023-10-12 11:20:43","0000-00-00 00:00:00"),
("142","13","13","XII PPLG","","0","0","2023-10-12 11:20:43","2023-10-12 11:20:43","0000-00-00 00:00:00"),
("143","14","13","XII PPLG","","0","0","2023-10-12 11:20:43","2023-10-12 11:20:43","0000-00-00 00:00:00"),
("144","1","14","XII PPLG","","0","50000","2023-10-12 11:20:43","2023-10-12 11:20:43","0000-00-00 00:00:00"),
("145","2","14","XII PPLG","","0","0","2023-10-12 11:20:43","2023-10-12 11:20:43","0000-00-00 00:00:00"),
("146","3","14","XII PPLG","","0","0","2023-10-12 11:20:43","2023-10-12 11:20:43","0000-00-00 00:00:00"),
("147","5","14","XII PPLG","","0","0","2023-10-12 11:20:43","2023-10-12 11:20:43","0000-00-00 00:00:00"),
("148","6","14","XII PPLG","","0","0","2023-10-12 11:20:43","2023-10-12 11:20:43","0000-00-00 00:00:00"),
("149","7","14","XII PPLG","","0","0","2023-10-12 11:20:43","2023-10-12 11:20:43","0000-00-00 00:00:00"),
("150","8","14","XII PPLG","","0","0","2023-10-12 11:20:43","2023-10-12 11:20:43","0000-00-00 00:00:00"),
("151","9","14","XII PPLG","","0","0","2023-10-12 11:20:43","2023-10-12 11:20:43","0000-00-00 00:00:00"),
("152","10","14","XII PPLG","","0","0","2023-10-12 11:20:43","2023-10-12 11:20:43","0000-00-00 00:00:00"),
("153","11","14","XII PPLG","","0","0","2023-10-12 11:20:43","2023-10-12 11:20:43","0000-00-00 00:00:00"),
("154","12","14","XII PPLG","","0","0","2023-10-12 11:20:43","2023-10-12 11:20:43","0000-00-00 00:00:00"),
("155","13","14","XII PPLG","","0","0","2023-10-12 11:20:43","2023-10-12 11:20:43","0000-00-00 00:00:00"),
("156","14","14","XII PPLG","","0","0","2023-10-12 11:20:43","2023-10-12 11:20:43","0000-00-00 00:00:00"),
("157","1","15","XII PPLG","","0","500000","2023-10-12 11:20:43","2023-10-12 11:20:43","0000-00-00 00:00:00"),
("158","2","15","XII PPLG","","0","0","2023-10-12 11:20:43","2023-10-12 11:20:43","0000-00-00 00:00:00"),
("159","3","15","XII PPLG","","0","0","2023-10-12 11:20:43","2023-10-12 11:20:43","0000-00-00 00:00:00"),
("160","5","15","XII PPLG","","0","0","2023-10-12 11:20:43","2023-10-12 11:20:43","0000-00-00 00:00:00"),
("161","6","15","XII PPLG","","0","0","2023-10-12 11:20:43","2023-10-12 11:20:43","0000-00-00 00:00:00"),
("162","7","15","XII PPLG","","0","0","2023-10-12 11:20:43","2023-10-12 11:20:43","0000-00-00 00:00:00"),
("163","8","15","XII PPLG","","0","0","2023-10-12 11:20:43","2023-10-12 11:20:43","0000-00-00 00:00:00"),
("164","9","15","XII PPLG","","0","0","2023-10-12 11:20:43","2023-10-12 11:20:43","0000-00-00 00:00:00"),
("165","10","15","XII PPLG","","0","0","2023-10-12 11:20:43","2023-10-12 11:20:43","0000-00-00 00:00:00"),
("166","11","15","XII PPLG","","0","0","2023-10-12 11:20:43","2023-10-12 11:20:43","0000-00-00 00:00:00"),
("167","12","15","XII PPLG","","0","0","2023-10-12 11:20:43","2023-10-12 11:20:43","0000-00-00 00:00:00"),
("168","13","15","XII PPLG","","0","0","2023-10-12 11:20:43","2023-10-12 11:20:43","0000-00-00 00:00:00"),
("169","14","15","XII PPLG","","0","0","2023-10-12 11:20:43","2023-10-12 11:20:43","0000-00-00 00:00:00"),
("170","1","16","XII PPLG","","0","446000","2023-10-12 11:20:43","2023-10-12 11:20:43","0000-00-00 00:00:00"),
("171","2","16","XII PPLG","","0","0","2023-10-12 11:20:43","2023-10-12 11:20:43","0000-00-00 00:00:00"),
("172","3","16","XII PPLG","","0","0","2023-10-12 11:20:43","2023-10-12 11:20:43","0000-00-00 00:00:00"),
("173","5","16","XII PPLG","","0","0","2023-10-12 11:20:43","2023-10-12 11:20:43","0000-00-00 00:00:00"),
("174","6","16","XII PPLG","","0","0","2023-10-12 11:20:43","2023-10-12 11:20:43","0000-00-00 00:00:00"),
("175","7","16","XII PPLG","","0","0","2023-10-12 11:20:43","2023-10-12 11:20:43","0000-00-00 00:00:00"),
("176","8","16","XII PPLG","","0","0","2023-10-12 11:20:43","2023-10-12 11:20:43","0000-00-00 00:00:00"),
("177","9","16","XII PPLG","","0","0","2023-10-12 11:20:43","2023-10-12 11:20:43","0000-00-00 00:00:00"),
("178","10","16","XII PPLG","","0","0","2023-10-12 11:20:43","2023-10-12 11:20:43","0000-00-00 00:00:00"),
("179","11","16","XII PPLG","","0","0","2023-10-12 11:20:43","2023-10-12 11:20:43","0000-00-00 00:00:00"),
("180","12","16","XII PPLG","","0","0","2023-10-12 11:20:43","2023-10-12 11:20:43","0000-00-00 00:00:00"),
("181","13","16","XII PPLG","","0","0","2023-10-12 11:20:43","2023-10-12 11:20:43","0000-00-00 00:00:00"),
("182","14","16","XII PPLG","","0","0","2023-10-12 11:20:43","2023-10-12 11:20:43","0000-00-00 00:00:00"),
("183","1","17","XII PPLG","","0","400000","2023-10-12 11:20:43","2023-10-12 11:20:43","0000-00-00 00:00:00"),
("184","2","17","XII PPLG","","0","0","2023-10-12 11:20:43","2023-10-12 11:20:43","0000-00-00 00:00:00"),
("185","3","17","XII PPLG","","0","0","2023-10-12 11:20:43","2023-10-12 11:20:43","0000-00-00 00:00:00"),
("186","5","17","XII PPLG","","0","0","2023-10-12 11:20:43","2023-10-12 11:20:43","0000-00-00 00:00:00"),
("187","6","17","XII PPLG","","0","0","2023-10-12 11:20:43","2023-10-12 11:20:43","0000-00-00 00:00:00"),
("188","7","17","XII PPLG","","0","0","2023-10-12 11:20:43","2023-10-12 11:20:43","0000-00-00 00:00:00"),
("189","8","17","XII PPLG","","0","0","2023-10-12 11:20:43","2023-10-12 11:20:43","0000-00-00 00:00:00"),
("190","9","17","XII PPLG","","0","0","2023-10-12 11:20:43","2023-10-12 11:20:43","0000-00-00 00:00:00"),
("191","10","17","XII PPLG","","0","0","2023-10-12 11:20:43","2023-10-12 11:20:43","0000-00-00 00:00:00"),
("192","11","17","XII PPLG","","0","0","2023-10-12 11:20:43","2023-10-12 11:20:43","0000-00-00 00:00:00"),
("193","12","17","XII PPLG","","0","0","2023-10-12 11:20:43","2023-10-12 11:20:43","0000-00-00 00:00:00"),
("194","13","17","XII PPLG","","0","0","2023-10-12 11:20:43","2023-10-12 11:20:43","0000-00-00 00:00:00"),
("195","14","17","XII PPLG","","0","0","2023-10-12 11:20:43","2023-10-12 11:20:43","0000-00-00 00:00:00"),
("196","1","18","XII PPLG","","0","300000","2023-10-12 11:20:43","2023-10-12 11:20:43","0000-00-00 00:00:00"),
("197","2","18","XII PPLG","","0","0","2023-10-12 11:20:43","2023-10-12 11:20:43","0000-00-00 00:00:00"),
("198","3","18","XII PPLG","","0","0","2023-10-12 11:20:43","2023-10-12 11:20:43","0000-00-00 00:00:00"),
("199","5","18","XII PPLG","","0","0","2023-10-12 11:20:43","2023-10-12 11:20:43","0000-00-00 00:00:00"),
("200","6","18","XII PPLG","","0","0","2023-10-12 11:20:43","2023-10-12 11:20:43","0000-00-00 00:00:00");
INSERT INTO tagihan VALUES
("201","7","18","XII PPLG","","0","0","2023-10-12 11:20:43","2023-10-12 11:20:43","0000-00-00 00:00:00"),
("202","8","18","XII PPLG","","0","0","2023-10-12 11:20:43","2023-10-12 11:20:43","0000-00-00 00:00:00"),
("203","9","18","XII PPLG","","0","0","2023-10-12 11:20:43","2023-10-12 11:20:43","0000-00-00 00:00:00"),
("204","10","18","XII PPLG","","0","0","2023-10-12 11:20:43","2023-10-12 11:20:43","0000-00-00 00:00:00"),
("205","11","18","XII PPLG","","0","0","2023-10-12 11:20:43","2023-10-12 11:20:43","0000-00-00 00:00:00"),
("206","12","18","XII PPLG","","0","0","2023-10-12 11:20:43","2023-10-12 11:20:43","0000-00-00 00:00:00"),
("207","13","18","XII PPLG","","0","0","2023-10-12 11:20:43","2023-10-12 11:20:43","0000-00-00 00:00:00"),
("208","14","18","XII PPLG","","0","0","2023-10-12 11:20:43","2023-10-12 11:20:43","0000-00-00 00:00:00"),
("209","1","19","XII RPL","","0","0","2023-10-12 11:20:43","2023-10-12 11:20:43","0000-00-00 00:00:00"),
("210","2","19","XII RPL","","0","0","2023-10-12 11:20:43","2023-10-12 11:20:43","0000-00-00 00:00:00"),
("211","3","19","XII RPL","","0","0","2023-10-12 11:20:43","2023-10-12 11:20:43","0000-00-00 00:00:00"),
("212","5","19","XII RPL","","0","0","2023-10-12 11:20:43","2023-10-12 11:20:43","0000-00-00 00:00:00"),
("213","6","19","XII RPL","","0","0","2023-10-12 11:20:43","2023-10-12 11:20:43","0000-00-00 00:00:00"),
("214","7","19","XII RPL","","0","0","2023-10-12 11:20:43","2023-10-12 11:20:43","0000-00-00 00:00:00"),
("215","8","19","XII RPL","","0","0","2023-10-12 11:20:43","2023-10-12 11:20:43","0000-00-00 00:00:00"),
("216","9","19","XII RPL","","0","0","2023-10-12 11:20:43","2023-10-12 11:20:43","0000-00-00 00:00:00"),
("217","10","19","XII RPL","","0","0","2023-10-12 11:20:43","2023-10-12 11:20:43","0000-00-00 00:00:00"),
("218","11","19","XII RPL","","0","0","2023-10-12 11:20:43","2023-10-12 11:20:43","0000-00-00 00:00:00"),
("219","12","19","XII RPL","","0","0","2023-10-12 11:20:43","2023-10-12 11:20:43","0000-00-00 00:00:00"),
("220","13","19","XII RPL","","0","0","2023-10-12 11:20:43","2023-10-12 11:20:43","0000-00-00 00:00:00"),
("221","14","19","XII RPL","","0","0","2023-10-12 11:20:43","2023-10-12 11:20:43","0000-00-00 00:00:00"),
("222","1","20","XII PPLG","","0","250000","2023-10-12 11:20:43","2023-10-12 11:20:43","0000-00-00 00:00:00"),
("223","2","20","XII PPLG","","0","0","2023-10-12 11:20:43","2023-10-12 11:20:43","0000-00-00 00:00:00"),
("224","3","20","XII PPLG","","0","0","2023-10-12 11:20:43","2023-10-12 11:20:43","0000-00-00 00:00:00"),
("225","5","20","XII PPLG","","0","0","2023-10-12 11:20:43","2023-10-12 11:20:43","0000-00-00 00:00:00"),
("226","6","20","XII PPLG","","0","0","2023-10-12 11:20:43","2023-10-12 11:20:43","0000-00-00 00:00:00"),
("227","7","20","XII PPLG","","0","0","2023-10-12 11:20:43","2023-10-12 11:20:43","0000-00-00 00:00:00"),
("228","8","20","XII PPLG","","0","0","2023-10-12 11:20:43","2023-10-12 11:20:43","0000-00-00 00:00:00"),
("229","9","20","XII PPLG","","0","0","2023-10-12 11:20:43","2023-10-12 11:20:43","0000-00-00 00:00:00"),
("230","10","20","XII PPLG","","0","0","2023-10-12 11:20:43","2023-10-12 11:20:43","0000-00-00 00:00:00"),
("231","11","20","XII PPLG","","0","0","2023-10-12 11:20:43","2023-10-12 11:20:43","0000-00-00 00:00:00"),
("232","12","20","XII PPLG","","0","0","2023-10-12 11:20:43","2023-10-12 11:20:43","0000-00-00 00:00:00"),
("233","13","20","XII PPLG","","0","0","2023-10-12 11:20:43","2023-10-12 11:20:43","0000-00-00 00:00:00"),
("234","14","20","XII PPLG","","0","0","2023-10-12 11:20:43","2023-10-12 11:20:43","0000-00-00 00:00:00");

CREATE TABLE `user` (
  `id_user` int(10) NOT NULL AUTO_INCREMENT,
  `nama` varchar(200) NOT NULL,
  `username` varchar(200) NOT NULL,
  `password` varchar(200) NOT NULL,
  `hak_akses` int(1) NOT NULL,
  `dibuat_pada` datetime NOT NULL DEFAULT current_timestamp(),
  `diubah_pada` datetime NOT NULL DEFAULT current_timestamp(),
  `dihapus_pada` datetime DEFAULT NULL,
  PRIMARY KEY (`id_user`)
) ENGINE=InnoDB AUTO_INCREMENT=2 DEFAULT CHARSET=latin1;

INSERT INTO user VALUES
("1","Magdalena Febiayu","adminn","adminn","2","2023-08-29 12:18:05","2023-08-29 12:18:05","0000-00-00 00:00:00");